-- phpMyAdmin SQL Dump
-- version 4.5.1
-- http://www.phpmyadmin.net
--
-- Host: 127.0.0.1
-- Generation Time: Jun 12, 2016 at 08:10 AM
-- Server version: 10.1.10-MariaDB
-- PHP Version: 7.0.3

SET SQL_MODE = "NO_AUTO_VALUE_ON_ZERO";
SET time_zone = "+00:00";


/*!40101 SET @OLD_CHARACTER_SET_CLIENT=@@CHARACTER_SET_CLIENT */;
/*!40101 SET @OLD_CHARACTER_SET_RESULTS=@@CHARACTER_SET_RESULTS */;
/*!40101 SET @OLD_COLLATION_CONNECTION=@@COLLATION_CONNECTION */;
/*!40101 SET NAMES utf8mb4 */;

--
-- Database: `no_man_sky`
--

-- --------------------------------------------------------

--
-- Table structure for table `creatures`
--

CREATE TABLE `creatures` (
  `id` int(10) NOT NULL,
  `main_image` varchar(50) NOT NULL,
  `name` varchar(50) NOT NULL,
  `life_type` varchar(50) NOT NULL,
  `size` varchar(50) NOT NULL,
  `rating` int(10) NOT NULL,
  `date_logged` timestamp NOT NULL DEFAULT CURRENT_TIMESTAMP,
  `parent_planet` varchar(50) NOT NULL,
  `parent_type` varchar(50) NOT NULL,
  `diet` varchar(50) NOT NULL
) ENGINE=InnoDB DEFAULT CHARSET=latin1;

--
-- Dumping data for table `creatures`
--

INSERT INTO `creatures` (`id`, `main_image`, `name`, `life_type`, `size`, `rating`, `date_logged`, `parent_planet`, `parent_type`, `diet`) VALUES
(1, '12512704_10208425564216030_7197577395550368907_n.j', 'Giraffe', 'Land', 'Large', 8, '2016-06-05 03:12:13', 'Earth', 'Planet', 'Herbivore'),
(2, '', 'Xuimin', 'Land', 'Small', 8, '2016-06-05 03:40:36', 'Kyungsoo', 'Moon', 'Omnivore'),
(3, '', 'Hyolyn', 'Air', 'Medium', 10, '2016-06-05 03:42:24', 'CL', 'Planet', 'Herbivore'),
(4, '', 'Heize', 'Sea', 'Tiny', 10, '2016-06-05 03:43:24', 'Hyuna', 'Moon', 'Carnivore'),
(5, '', 'Zelo', 'Air', 'Huge', 10, '2016-06-05 03:44:18', 'Jinhong', 'Planet', 'Omnivore'),
(6, '', 'Akamaru', 'Land', 'Tiny', 5, '2016-06-05 04:24:45', 'Kiba Inuzuka', 'Moon', 'Herbivore'),
(7, '', 'Lemur', 'Land', 'Small', 5, '2016-06-05 18:24:39', 'Earth', 'Planet', 'Herbivore');

-- --------------------------------------------------------

--
-- Table structure for table `flora`
--

CREATE TABLE `flora` (
  `id` int(10) NOT NULL,
  `name` varchar(50) NOT NULL,
  `diet` varchar(50) NOT NULL,
  `size` varchar(50) NOT NULL,
  `rating` int(50) NOT NULL,
  `parent_planet` varchar(50) NOT NULL,
  `parent_type` varchar(50) NOT NULL,
  `date_logged` timestamp NOT NULL DEFAULT CURRENT_TIMESTAMP,
  `main_image` varchar(150) NOT NULL
) ENGINE=InnoDB DEFAULT CHARSET=latin1;

--
-- Dumping data for table `flora`
--

INSERT INTO `flora` (`id`, `name`, `diet`, `size`, `rating`, `parent_planet`, `parent_type`, `date_logged`, `main_image`) VALUES
(1, 'Sad Plant', 'Herbivore', 'Small', 6, 'Sad planet', '', '2016-06-05 03:21:47', '12512704_10208425564216030_7197577395550368907_n.jpg'),
(2, 'Unni', 'Carnivore', 'Large', 6, 'CL', 'Planet', '2016-06-05 03:45:33', ''),
(3, 'Pix', 'Herbivore', 'Small', 4, 'Lee Hi', 'Moon', '2016-06-05 03:46:25', '');

-- --------------------------------------------------------

--
-- Table structure for table `galaxy`
--

CREATE TABLE `galaxy` (
  `Id` int(10) NOT NULL,
  `name` varchar(50) NOT NULL,
  `no_star_systems` int(10) NOT NULL DEFAULT '0',
  `no_planets` int(10) NOT NULL DEFAULT '0',
  `no_moons` int(10) NOT NULL DEFAULT '0',
  `no_creatures` int(10) NOT NULL DEFAULT '0',
  `no_flora` int(10) NOT NULL DEFAULT '0'
) ENGINE=InnoDB DEFAULT CHARSET=latin1;

--
-- Dumping data for table `galaxy`
--

INSERT INTO `galaxy` (`Id`, `name`, `no_star_systems`, `no_planets`, `no_moons`, `no_creatures`, `no_flora`) VALUES
(1, 'Milky Way', 3, 3, 1, 2, 0),
(2, 'Andromada', 1, 1, 0, 0, 1),
(3, 'Double A', 3, 7, 4, 4, 2),
(4, 'The Hidden Leaf', 4, 4, 12, 1, 0),
(5, 'The Village Hidden in the Sand', 4, 1, 0, 0, 0),
(6, 'Test Galaxy', 0, 0, 0, 0, 0);

-- --------------------------------------------------------

--
-- Table structure for table `limits`
--

CREATE TABLE `limits` (
  `id` int(4) NOT NULL,
  `galaxy` int(10) NOT NULL,
  `star_systems` int(10) NOT NULL,
  `planets` int(10) NOT NULL,
  `moons` int(10) NOT NULL,
  `creatures` int(10) NOT NULL,
  `flora` int(10) NOT NULL,
  `ships` int(10) NOT NULL
) ENGINE=InnoDB DEFAULT CHARSET=latin1;

--
-- Dumping data for table `limits`
--

INSERT INTO `limits` (`id`, `galaxy`, `star_systems`, `planets`, `moons`, `creatures`, `flora`, `ships`) VALUES
(1, 6, 15, 16, 17, 7, 3, 1);

-- --------------------------------------------------------

--
-- Table structure for table `moons`
--

CREATE TABLE `moons` (
  `id` int(10) NOT NULL,
  `name` varchar(100) NOT NULL,
  `star_system` varchar(100) NOT NULL,
  `main_image` varchar(150) NOT NULL,
  `enviroment` varchar(50) NOT NULL,
  `climate` varchar(50) NOT NULL,
  `life_type` varchar(50) NOT NULL,
  `size` varchar(50) NOT NULL,
  `rating` int(10) NOT NULL,
  `sentinals` varchar(50) NOT NULL,
  `Minerals` varchar(200) NOT NULL,
  `parent_planet` varchar(50) NOT NULL,
  `no_creatures` int(5) NOT NULL DEFAULT '0',
  `no_flora` int(5) NOT NULL DEFAULT '0',
  `extra_image1` varchar(150) NOT NULL,
  `extra_image2` varchar(150) NOT NULL,
  `date_logged` timestamp NOT NULL DEFAULT CURRENT_TIMESTAMP
) ENGINE=InnoDB DEFAULT CHARSET=latin1;

--
-- Dumping data for table `moons`
--

INSERT INTO `moons` (`id`, `name`, `star_system`, `main_image`, `enviroment`, `climate`, `life_type`, `size`, `rating`, `sentinals`, `Minerals`, `parent_planet`, `no_creatures`, `no_flora`, `extra_image1`, `extra_image2`, `date_logged`) VALUES
(1, 'Kyungsoo', 'Eunhyuk', '', 'Toxic', 'Temperate', 'None', 'Small', 9, 'Large Waves', '', 'Heechul', 1, 0, '', '', '2016-06-05 03:35:21'),
(2, 'Hyuna', 'Bom', '', 'Hot', 'Tropical', 'Basic', 'Medium', 7, 'Huge Waves', '', 'CL', 1, 0, '', '', '2016-06-05 03:36:48'),
(3, 'Nakta', 'Aoora', '', 'Normal', 'Temperate', 'None', 'Large', 6, 'Small Waves', 'Camels', 'Hyanggi', 0, 0, '', '', '2016-06-05 03:38:05'),
(4, 'Lee Hi', 'Bom', '', 'Normal', 'Mediterranean', 'Basic', 'Medium', 4, 'Medium Waves', '', 'CL', 0, 1, '', '', '2016-06-05 03:39:12'),
(5, 'Naruto Uzamaki', 'Team Seven', '', 'Normal', 'Tropical', 'None', 'Tiny', 10, 'None', '', 'Kakashi', 0, 0, '', '', '2016-06-05 04:02:43'),
(6, 'Sasuke Uchiha', 'Team Seven', '', 'Normal', 'Tropical', 'None', 'Tiny', 10, 'None', '', 'Kakashi', 0, 0, '', '', '2016-06-05 04:03:55'),
(7, 'Sakura Haruno', 'Team Seven', '', 'Normal', 'Tropical', 'None', 'Tiny', 6, 'None', '', 'Kakashi', 0, 0, '', '', '2016-06-05 04:04:30'),
(8, 'Shikamaru Nara', 'Team Ten', '', 'Normal', 'Tropical', 'None', 'Tiny', 7, 'None', '', 'Asuma', 0, 0, '', '', '2016-06-05 04:05:44'),
(9, 'Ino Yamanaka', 'Team Ten', '', 'Normal', 'Tropical', 'None', 'Tiny', 5, 'None', '', 'Asuma', 0, 0, '', '', '2016-06-05 04:06:16'),
(10, 'Choji Akamichi', 'Team Ten', '', 'Normal', 'Tropical', 'None', 'Tiny', 6, 'None', '', 'Asuma', 0, 0, '', '', '2016-06-05 04:06:47'),
(11, 'Hinata Hyuga', 'Team Eight', '', 'Normal', 'Tropical', 'None', 'Tiny', 7, 'None', '', 'Kurenai', 0, 0, '', '', '2016-06-05 04:08:29'),
(12, 'Kiba Inuzuka', 'Team Eight', '', 'Normal', 'Tropical', 'None', 'Tiny', 5, 'None', '', 'Kurenai', 1, 0, '', '', '2016-06-05 04:09:05'),
(13, 'Shino Aburame', 'Team Eight', '', 'Normal', 'Tropical', 'None', 'Tiny', 5, 'None', '', 'Kurenai', 0, 0, '', '', '2016-06-05 04:09:47'),
(14, 'Rock Lee', 'Team Guy', '', 'Normal', 'Tropical', 'None', 'Tiny', 8, 'None', '', 'Guy', 0, 0, '', '', '2016-06-05 04:11:02'),
(15, 'Neji Hyuga', 'Team Guy', '', 'Normal', 'Tropical', 'None', 'Tiny', 7, 'None', '', 'Guy', 0, 0, '', '', '2016-06-05 04:12:04'),
(16, 'Tenten', 'Team Guy', '', 'Normal', 'Tropical', 'None', 'Tiny', 4, 'None', '', 'Guy', 0, 0, '', '', '2016-06-05 04:12:29'),
(17, 'Moonster', 'The Solar System', '', 'Hot', 'Dessert', 'Basic', 'Large', 5, 'Huge Waves', '', 'Saturn', 0, 0, '', '', '2016-06-05 18:08:40');

-- --------------------------------------------------------

--
-- Table structure for table `planets`
--

CREATE TABLE `planets` (
  `id` int(10) NOT NULL,
  `main_image` varchar(150) NOT NULL,
  `name` varchar(100) NOT NULL,
  `star_system` varchar(50) NOT NULL,
  `enviroment` varchar(50) NOT NULL,
  `climate` varchar(50) NOT NULL,
  `life_type` varchar(50) NOT NULL,
  `size` varchar(50) NOT NULL,
  `rating` int(10) NOT NULL,
  `sentinals` varchar(50) NOT NULL,
  `minerals` varchar(200) NOT NULL,
  `no_moons` int(5) NOT NULL,
  `no_creatures` int(5) NOT NULL DEFAULT '0',
  `no_flora` int(5) NOT NULL DEFAULT '0',
  `extra_image` varchar(150) NOT NULL,
  `extra_image2` varchar(150) NOT NULL,
  `date_logged` timestamp NOT NULL DEFAULT CURRENT_TIMESTAMP
) ENGINE=InnoDB DEFAULT CHARSET=latin1;

--
-- Dumping data for table `planets`
--

INSERT INTO `planets` (`id`, `main_image`, `name`, `star_system`, `enviroment`, `climate`, `life_type`, `size`, `rating`, `sentinals`, `minerals`, `no_moons`, `no_creatures`, `no_flora`, `extra_image`, `extra_image2`, `date_logged`) VALUES
(1, '12512704_10208425564216030_7197577395550368907_n.jpg', 'Earth', 'The Solar System', 'Normal', 'Tropical', 'Complex', 'Medium', 8, 'Huge Waves', 'Lots of minerals', 0, 2, 0, 'mountains1.jpg', 'mum.jpg', '2016-06-05 03:07:24'),
(2, '', 'Saturn', 'The Solar System', 'Toxic', 'Sub Arctic', 'None', 'Large', 8, 'None', '', 1, 0, 0, '', '', '2016-06-05 03:11:39'),
(3, '12512704_10208425564216030_7197577395550368907_n.jpg', 'Sad planet', 'Sad Star', 'Cold', 'Highland', 'Basic', 'Large', 6, 'Medium Waves', 'lots and Lots', 0, 0, 1, 'mountains1.jpg', 'mum.jpg', '2016-06-05 03:20:29'),
(4, '', 'Hyanggi', 'Aoora', 'Toxic', 'Dessert', 'None', 'Tiny', 1, 'Huge Waves', '', 1, 0, 0, '', '', '2016-06-05 03:27:11'),
(5, '', 'Woosang', 'Aoora', 'Hot', 'Savannah', 'Complex', 'Medium', 9, 'Medium Waves', 'Doughnut', 0, 0, 0, '', '', '2016-06-05 03:28:23'),
(6, '', 'Hoik', 'Aoora', 'Normal', 'Highland', 'Complex', 'Small', 7, 'Small Waves', 'Glasses', 0, 0, 0, '', '', '2016-06-05 03:29:24'),
(7, '', 'John', 'Aoora', 'Normal', 'Humid Subtropical', 'Basic', 'Medium', 1, 'Small Waves', 'Chicken Breast', 0, 0, 0, '', '', '2016-06-05 03:30:28'),
(8, '', 'Jinhong', 'Aoora', 'Normal', 'Savannah', 'Bacterial', 'Tiny', 6, 'Small Waves', 'Babies', 0, 1, 0, '', '', '2016-06-05 03:31:19'),
(9, '', 'CL', 'Bom', 'Hot', 'Mediterranean', 'Complex', 'Huge', 8, 'Large Waves', 'Gbz', 2, 1, 1, '', '', '2016-06-05 03:32:45'),
(10, '', 'Heechul', 'Eunhyuk', 'Cold', 'Sub Zero', 'Complex', 'Huge', 9, 'Huge Waves', 'Cats', 1, 0, 0, '', '', '2016-06-05 03:34:03'),
(11, '', 'Kakashi', 'Team Seven', 'Normal', 'Tropical', 'None', 'Tiny', 8, 'None', '', 3, 0, 0, '', '', '2016-06-05 04:02:04'),
(12, '', 'Asuma', 'Team Ten', 'Normal', 'Tropical', 'None', 'Tiny', 7, 'None', '', 3, 0, 0, '', '', '2016-06-05 04:05:15'),
(13, '', 'Kurenai', 'Team Eight', 'Normal', 'Tropical', 'None', 'Tiny', 6, 'None', '', 3, 0, 0, '', '', '2016-06-05 04:07:42'),
(14, '', 'Guy', 'Team Guy', 'Normal', 'Tropical', 'None', 'Tiny', 7, 'None', '', 3, 0, 0, '', '', '2016-06-05 04:10:33'),
(15, '', 'Jupiter', 'The Solar System', 'Toxic', 'Dessert', 'None', 'Huge', 8, 'None', '', 0, 0, 0, '', '', '2016-06-05 20:51:48'),
(16, '', 'Sandy', 'Wales', 'Toxic', 'Humid Subtropical', 'Complex', 'Medium', 8, 'Medium Waves', '', 0, 0, 0, '', '', '2016-06-12 03:11:43');

-- --------------------------------------------------------

--
-- Table structure for table `ships`
--

CREATE TABLE `ships` (
  `id` int(10) NOT NULL,
  `name` varchar(50) NOT NULL,
  `type` varchar(50) NOT NULL,
  `main_image` varchar(50) NOT NULL
) ENGINE=InnoDB DEFAULT CHARSET=latin1;

--
-- Dumping data for table `ships`
--

INSERT INTO `ships` (`id`, `name`, `type`, `main_image`) VALUES
(1, 'Cheesecake', 'Explorer', '');

-- --------------------------------------------------------

--
-- Table structure for table `star_systems`
--

CREATE TABLE `star_systems` (
  `ID` int(10) NOT NULL,
  `name` varchar(50) NOT NULL,
  `galaxy` varchar(50) NOT NULL,
  `star_type` varchar(50) DEFAULT NULL,
  `star_colour` varchar(50) DEFAULT NULL,
  `no_planets` int(10) DEFAULT '0',
  `no_moons` int(10) NOT NULL DEFAULT '0',
  `no_creatures` int(10) NOT NULL DEFAULT '0',
  `no_flora` int(10) NOT NULL DEFAULT '0',
  `image` varchar(50) NOT NULL,
  `date_logged` timestamp NOT NULL DEFAULT CURRENT_TIMESTAMP
) ENGINE=InnoDB DEFAULT CHARSET=latin1;

--
-- Dumping data for table `star_systems`
--

INSERT INTO `star_systems` (`ID`, `name`, `galaxy`, `star_type`, `star_colour`, `no_planets`, `no_moons`, `no_creatures`, `no_flora`, `image`, `date_logged`) VALUES
(1, 'The Solar System', 'Milky Way', NULL, NULL, 3, 1, 2, 0, 'no_mans_sky.png', '2016-06-05 03:03:56'),
(2, 'Sad Star', 'Andromada', NULL, NULL, 1, 0, 0, 1, '12512704_10208425564216030_7197577395550368907_n.j', '2016-06-05 03:19:02'),
(3, 'Aoora', 'Double A', NULL, NULL, 5, 1, 1, 0, 'no_mans_sky.png', '2016-06-05 03:23:05'),
(4, 'Bom', 'Double A', NULL, NULL, 1, 2, 2, 2, '', '2016-06-05 03:23:36'),
(5, 'Eunhyuk', 'Double A', NULL, NULL, 1, 1, 1, 0, '', '2016-06-05 03:24:00'),
(6, 'Team Seven', 'The Hidden Leaf', NULL, NULL, 4, 3, 0, 0, '', '2016-06-05 03:50:21'),
(7, 'Team Ten', 'The Hidden Leaf', NULL, NULL, 1, 3, 0, 0, '', '2016-06-05 03:51:05'),
(8, 'Team Eight', 'The Hidden Leaf', NULL, NULL, 1, 3, 1, 0, '', '2016-06-05 04:07:05'),
(9, 'Team Guy', 'The Hidden Leaf', NULL, NULL, 1, 3, 0, 0, '', '2016-06-05 04:10:08'),
(10, 'Otra', 'Milky Way', 'Giant', 'Orange', 0, 0, 0, 0, '', '2016-06-09 00:24:22'),
(11, 'Drigisha', 'Milky Way', 'Dwarf', 'White', 0, 0, 0, 0, 'no_mans_sky.png', '2016-06-09 00:25:29'),
(12, 'Wales', 'The Village Hidden in the Sand', 'Giant', 'Yellow', 1, 0, 0, 0, '', '2016-06-12 03:06:24'),
(13, 'Skrtyl', 'The Village Hidden in the Sand', 'Giant', 'Yellow', 0, 0, 0, 0, '', '2016-06-12 03:15:09'),
(14, 'Hamsik', 'The Village Hidden in the Sand', 'Giant', 'Yellow', 0, 0, 0, 0, '', '2016-06-12 03:17:25'),
(15, 'Florent', 'The Village Hidden in the Sand', 'Neutron', 'Orange', 0, 0, 0, 0, '', '2016-06-12 03:17:55');

-- --------------------------------------------------------

--
-- Table structure for table `test`
--

CREATE TABLE `test` (
  `ID` int(11) NOT NULL,
  `name` varchar(50) NOT NULL,
  `date` date NOT NULL,
  `owner` varchar(50) NOT NULL
) ENGINE=InnoDB DEFAULT CHARSET=latin1;

--
-- Dumping data for table `test`
--

INSERT INTO `test` (`ID`, `name`, `date`, `owner`) VALUES
(1, 'Shanice Lee', '2016-04-22', 'joe'),
(2, 'Joe Sykes', '2016-04-06', 'joe'),
(3, '', '2016-04-30', 'bob'),
(5, '', '2016-05-02', '');

-- --------------------------------------------------------

--
-- Table structure for table `test2`
--

CREATE TABLE `test2` (
  `planet_id` int(5) NOT NULL,
  `image` varchar(100) NOT NULL,
  `name` varchar(200) NOT NULL,
  `enviroment` varchar(100) NOT NULL,
  `life_type` varchar(50) NOT NULL,
  `size` varchar(10) NOT NULL,
  `rating` int(10) NOT NULL,
  `sentinels` varchar(10) NOT NULL,
  `date_discovered` date NOT NULL
) ENGINE=InnoDB DEFAULT CHARSET=latin1;

--
-- Dumping data for table `test2`
--

INSERT INTO `test2` (`planet_id`, `image`, `name`, `enviroment`, `life_type`, `size`, `rating`, `sentinels`, `date_discovered`) VALUES
(1, 'test.png', 'test', 'ice', 'complex', 'large', 7, 'yes', '2016-05-09'),
(2, 'test2.png', 'balari', 'hot', 'none', 'small', 5, 'no', '2016-05-05'),
(3, 'test3.png', 'bla', 'toxic', 'complex', 'large', 5, 'no', '2016-05-01'),
(6, 'test4.png', 'tester', 'hot', 'none', 'small', 9, 'yes', '2016-05-01');

-- --------------------------------------------------------

--
-- Table structure for table `testing`
--

CREATE TABLE `testing` (
  `test_id` int(200) NOT NULL,
  `name` varchar(50) NOT NULL,
  `attr_one` varchar(50) NOT NULL,
  `attr_two` varchar(50) NOT NULL
) ENGINE=InnoDB DEFAULT CHARSET=latin1;

--
-- Dumping data for table `testing`
--

INSERT INTO `testing` (`test_id`, `name`, `attr_one`, `attr_two`) VALUES
(1, '1', '1', '1'),
(2, '2', '2', '2'),
(3, '3', '3', '3'),
(4, '4', '4', '4'),
(5, '5', '5', '5'),
(6, '6', '6', '6'),
(7, '7', '7', '7'),
(8, '8', '8', '8'),
(9, '9', '9', '9'),
(10, '10', '10', '10'),
(11, '11', '11', '11'),
(12, '12', '12', '12'),
(13, '13', '13', '13'),
(14, '14', '14', '14'),
(15, '15', '15', '15'),
(16, '16', '16', '16'),
(17, '17', '17', '17'),
(18, '18', '18', '18'),
(19, '19', '19', '19'),
(20, '20', '20', '20'),
(21, '21', '21', '21'),
(22, '22', '22', '22'),
(23, '23', '23', '23'),
(24, '24', '24', '24'),
(25, '25', '25', '25'),
(26, '26', '26', '26'),
(27, '27', '27', '27'),
(28, '28', '28', '28'),
(29, '29', '29', '29'),
(30, '30', '30', '30'),
(31, '31', '31', '31'),
(32, '32', '32', '32'),
(33, '33', '33', '33'),
(34, '34', '34', '34'),
(35, '35', '35', '35'),
(36, '36', '36', '36'),
(37, '37', '37', '37'),
(38, '38', '38', '38'),
(39, '39', '39', '39'),
(40, '40', '40', '40'),
(41, '41', '41', '41'),
(42, '42', '42', '42'),
(43, '43', '43', '43'),
(44, '44', '44', '44'),
(45, '45', '45', '45'),
(46, '46', '46', '46'),
(47, '47', '47', '47'),
(48, '48', '48', '48'),
(49, '49', '49', '49'),
(50, '50', '50', '50'),
(51, '51', '51', '51'),
(52, '52', '52', '52'),
(53, '53', '53', '53'),
(54, '54', '54', '54'),
(55, '55', '55', '55'),
(56, '56', '56', '56'),
(57, '57', '57', '57'),
(58, '58', '58', '58'),
(59, '59', '59', '59'),
(60, '60', '60', '60'),
(61, '61', '61', '61'),
(62, '62', '62', '62'),
(63, '63', '63', '63'),
(64, '64', '64', '64'),
(65, '65', '65', '65'),
(66, '66', '66', '66'),
(67, '67', '67', '67'),
(68, '68', '68', '68'),
(69, '69', '69', '69'),
(70, '70', '70', '70'),
(71, '71', '71', '71'),
(72, '72', '72', '72'),
(73, '73', '73', '73'),
(74, '74', '74', '74'),
(75, '75', '75', '75'),
(76, '76', '76', '76'),
(77, '77', '77', '77'),
(78, '78', '78', '78'),
(79, '79', '79', '79'),
(80, '80', '80', '80'),
(81, '81', '81', '81'),
(82, '82', '82', '82'),
(83, '83', '83', '83'),
(84, '84', '84', '84'),
(85, '85', '85', '85'),
(86, '86', '86', '86'),
(87, '87', '87', '87'),
(88, '88', '88', '88'),
(89, '89', '89', '89'),
(90, '90', '90', '90'),
(91, '91', '91', '91'),
(92, '92', '92', '92'),
(93, '93', '93', '93'),
(94, '94', '94', '94'),
(95, '95', '95', '95'),
(96, '96', '96', '96'),
(97, '97', '97', '97'),
(98, '98', '98', '98'),
(99, '99', '99', '99'),
(100, '100', '100', '100'),
(101, '101', '101', '101'),
(102, '102', '102', '102'),
(103, '103', '103', '103'),
(104, '104', '104', '104'),
(105, '105', '105', '105'),
(106, '106', '106', '106'),
(107, '107', '107', '107'),
(108, '108', '108', '108'),
(109, '109', '109', '109'),
(110, '110', '110', '110'),
(111, '111', '111', '111'),
(112, '112', '112', '112'),
(113, '113', '113', '113'),
(114, '114', '114', '114'),
(115, '115', '115', '115'),
(116, '116', '116', '116'),
(117, '117', '117', '117'),
(118, '118', '118', '118'),
(119, '119', '119', '119'),
(120, '120', '120', '120'),
(121, '121', '121', '121'),
(122, '122', '122', '122'),
(123, '123', '123', '123'),
(124, '124', '124', '124'),
(125, '125', '125', '125'),
(126, '126', '126', '126'),
(127, '127', '127', '127'),
(128, '128', '128', '128'),
(129, '129', '129', '129'),
(130, '130', '130', '130'),
(131, '131', '131', '131'),
(132, '132', '132', '132'),
(133, '133', '133', '133'),
(134, '134', '134', '134'),
(135, '135', '135', '135'),
(136, '136', '136', '136'),
(137, '137', '137', '137'),
(138, '138', '138', '138'),
(139, '139', '139', '139'),
(140, '140', '140', '140'),
(141, '141', '141', '141'),
(142, '142', '142', '142'),
(143, '143', '143', '143'),
(144, '144', '144', '144'),
(145, '145', '145', '145'),
(146, '146', '146', '146'),
(147, '147', '147', '147'),
(148, '148', '148', '148'),
(149, '149', '149', '149'),
(150, '150', '150', '150'),
(151, '151', '151', '151'),
(152, '152', '152', '152'),
(153, '153', '153', '153'),
(154, '154', '154', '154'),
(155, '155', '155', '155'),
(156, '156', '156', '156'),
(157, '157', '157', '157'),
(158, '158', '158', '158'),
(159, '159', '159', '159'),
(160, '160', '160', '160'),
(161, '161', '161', '161'),
(162, '162', '162', '162'),
(163, '163', '163', '163'),
(164, '164', '164', '164'),
(165, '165', '165', '165'),
(166, '166', '166', '166'),
(167, '167', '167', '167'),
(168, '168', '168', '168'),
(169, '169', '169', '169'),
(170, '170', '170', '170'),
(171, '171', '171', '171'),
(172, '172', '172', '172'),
(173, '173', '173', '173'),
(174, '174', '174', '174'),
(175, '175', '175', '175'),
(176, '176', '176', '176'),
(177, '177', '177', '177'),
(178, '178', '178', '178'),
(179, '179', '179', '179'),
(180, '180', '180', '180'),
(181, '181', '181', '181'),
(182, '182', '182', '182'),
(183, '183', '183', '183'),
(184, '184', '184', '184'),
(185, '185', '185', '185'),
(186, '186', '186', '186'),
(187, '187', '187', '187'),
(188, '188', '188', '188'),
(189, '189', '189', '189'),
(190, '190', '190', '190'),
(191, '191', '191', '191'),
(192, '192', '192', '192'),
(193, '193', '193', '193'),
(194, '194', '194', '194'),
(195, '195', '195', '195'),
(196, '196', '196', '196'),
(197, '197', '197', '197'),
(198, '198', '198', '198'),
(199, '199', '199', '199'),
(200, '200', '200', '200'),
(201, '201', '201', '201'),
(202, '202', '202', '202'),
(203, '203', '203', '203'),
(204, '204', '204', '204'),
(205, '205', '205', '205'),
(206, '206', '206', '206'),
(207, '207', '207', '207'),
(208, '208', '208', '208'),
(209, '209', '209', '209'),
(210, '210', '210', '210'),
(211, '211', '211', '211'),
(212, '212', '212', '212'),
(213, '213', '213', '213'),
(214, '214', '214', '214'),
(215, '215', '215', '215'),
(216, '216', '216', '216'),
(217, '217', '217', '217'),
(218, '218', '218', '218'),
(219, '219', '219', '219'),
(220, '220', '220', '220'),
(221, '221', '221', '221'),
(222, '222', '222', '222'),
(223, '223', '223', '223'),
(224, '224', '224', '224'),
(225, '225', '225', '225'),
(226, '226', '226', '226'),
(227, '227', '227', '227'),
(228, '228', '228', '228'),
(229, '229', '229', '229'),
(230, '230', '230', '230'),
(231, '231', '231', '231'),
(232, '232', '232', '232'),
(233, '233', '233', '233'),
(234, '234', '234', '234'),
(235, '235', '235', '235'),
(236, '236', '236', '236'),
(237, '237', '237', '237'),
(238, '238', '238', '238'),
(239, '239', '239', '239'),
(240, '240', '240', '240'),
(241, '241', '241', '241'),
(242, '242', '242', '242'),
(243, '243', '243', '243'),
(244, '244', '244', '244'),
(245, '245', '245', '245'),
(246, '246', '246', '246'),
(247, '247', '247', '247'),
(248, '248', '248', '248'),
(249, '249', '249', '249'),
(250, '250', '250', '250'),
(251, '251', '251', '251'),
(252, '252', '252', '252'),
(253, '253', '253', '253'),
(254, '254', '254', '254'),
(255, '255', '255', '255'),
(256, '256', '256', '256'),
(257, '257', '257', '257'),
(258, '258', '258', '258'),
(259, '259', '259', '259'),
(260, '260', '260', '260'),
(261, '261', '261', '261'),
(262, '262', '262', '262'),
(263, '263', '263', '263'),
(264, '264', '264', '264'),
(265, '265', '265', '265'),
(266, '266', '266', '266'),
(267, '267', '267', '267'),
(268, '268', '268', '268'),
(269, '269', '269', '269'),
(270, '270', '270', '270'),
(271, '271', '271', '271'),
(272, '272', '272', '272'),
(273, '273', '273', '273'),
(274, '274', '274', '274'),
(275, '275', '275', '275'),
(276, '276', '276', '276'),
(277, '277', '277', '277'),
(278, '278', '278', '278'),
(279, '279', '279', '279'),
(280, '280', '280', '280'),
(281, '281', '281', '281'),
(282, '282', '282', '282'),
(283, '283', '283', '283'),
(284, '284', '284', '284'),
(285, '285', '285', '285'),
(286, '286', '286', '286'),
(287, '287', '287', '287'),
(288, '288', '288', '288'),
(289, '289', '289', '289'),
(290, '290', '290', '290'),
(291, '291', '291', '291'),
(292, '292', '292', '292'),
(293, '293', '293', '293'),
(294, '294', '294', '294'),
(295, '295', '295', '295'),
(296, '296', '296', '296'),
(297, '297', '297', '297'),
(298, '298', '298', '298'),
(299, '299', '299', '299'),
(301, '300', '300', '300'),
(302, '301', '301', '301'),
(303, '302', '302', '302'),
(304, '303', '303', '303'),
(305, '304', '304', '304'),
(306, '305', '305', '305'),
(307, '306', '306', '306'),
(308, '307', '307', '307'),
(309, '308', '308', '308'),
(310, '309', '309', '309'),
(311, '310', '310', '310'),
(312, '311', '311', '311'),
(313, '312', '312', '312'),
(314, '313', '313', '313'),
(315, '314', '314', '314'),
(316, '315', '315', '315'),
(317, '316', '316', '316'),
(318, '317', '317', '317'),
(319, '318', '318', '318'),
(320, '319', '319', '319'),
(321, '320', '320', '320'),
(322, '321', '321', '321'),
(323, '322', '322', '322'),
(324, '323', '323', '323'),
(325, '324', '324', '324'),
(326, '325', '325', '325'),
(327, '326', '326', '326'),
(328, '327', '327', '327'),
(329, '328', '328', '328'),
(330, '329', '329', '329'),
(331, '330', '330', '330'),
(332, '331', '331', '331'),
(333, '332', '332', '332'),
(334, '333', '333', '333'),
(335, '334', '334', '334'),
(336, '335', '335', '335'),
(337, '336', '336', '336'),
(338, '337', '337', '337'),
(339, '338', '338', '338'),
(340, '339', '339', '339'),
(341, '340', '340', '340'),
(342, '341', '341', '341'),
(343, '342', '342', '342'),
(344, '343', '343', '343'),
(345, '344', '344', '344'),
(346, '345', '345', '345'),
(347, '346', '346', '346'),
(348, '347', '347', '347'),
(349, '348', '348', '348'),
(350, '349', '349', '349'),
(351, '350', '350', '350'),
(352, '351', '351', '351'),
(353, '352', '352', '352'),
(354, '353', '353', '353'),
(355, '354', '354', '354'),
(356, '355', '355', '355'),
(357, '356', '356', '356'),
(358, '357', '357', '357'),
(359, '358', '358', '358'),
(360, '359', '359', '359'),
(361, '360', '360', '360'),
(362, '361', '361', '361'),
(363, '362', '362', '362'),
(364, '363', '363', '363'),
(365, '364', '364', '364'),
(366, '365', '365', '365'),
(367, '366', '366', '366'),
(368, '367', '367', '367'),
(369, '368', '368', '368'),
(370, '369', '369', '369'),
(371, '370', '370', '370'),
(372, '371', '371', '371'),
(373, '372', '372', '372'),
(374, '373', '373', '373'),
(375, '374', '374', '374'),
(376, '375', '375', '375'),
(377, '376', '376', '376'),
(378, '377', '377', '377'),
(379, '378', '378', '378'),
(380, '379', '379', '379'),
(381, '380', '380', '380'),
(382, '381', '381', '381'),
(383, '382', '382', '382'),
(384, '383', '383', '383'),
(385, '384', '384', '384'),
(386, '385', '385', '385'),
(387, '386', '386', '386'),
(388, '387', '387', '387'),
(389, '388', '388', '388'),
(390, '389', '389', '389'),
(391, '390', '390', '390'),
(392, '391', '391', '391'),
(393, '392', '392', '392'),
(394, '393', '393', '393'),
(395, '394', '394', '394'),
(396, '395', '395', '395'),
(397, '396', '396', '396'),
(398, '397', '397', '397'),
(399, '398', '398', '398'),
(400, '399', '399', '399'),
(401, '300', '300', '300'),
(402, '301', '301', '301'),
(403, '302', '302', '302'),
(404, '303', '303', '303'),
(405, '304', '304', '304'),
(406, '305', '305', '305'),
(407, '306', '306', '306'),
(408, '307', '307', '307'),
(409, '308', '308', '308'),
(410, '309', '309', '309'),
(411, '310', '310', '310'),
(412, '311', '311', '311'),
(413, '312', '312', '312'),
(414, '313', '313', '313'),
(415, '314', '314', '314'),
(416, '315', '315', '315'),
(417, '316', '316', '316'),
(418, '317', '317', '317'),
(419, '318', '318', '318'),
(420, '319', '319', '319'),
(421, '320', '320', '320'),
(422, '321', '321', '321'),
(423, '322', '322', '322'),
(424, '323', '323', '323'),
(425, '324', '324', '324'),
(426, '325', '325', '325'),
(427, '326', '326', '326'),
(428, '327', '327', '327'),
(429, '328', '328', '328'),
(430, '329', '329', '329'),
(431, '330', '330', '330'),
(432, '331', '331', '331'),
(433, '332', '332', '332'),
(434, '333', '333', '333'),
(435, '334', '334', '334'),
(436, '335', '335', '335'),
(437, '336', '336', '336'),
(438, '337', '337', '337'),
(439, '338', '338', '338'),
(440, '339', '339', '339'),
(441, '340', '340', '340'),
(442, '341', '341', '341'),
(443, '342', '342', '342'),
(444, '343', '343', '343'),
(445, '344', '344', '344'),
(446, '345', '345', '345'),
(447, '346', '346', '346'),
(448, '347', '347', '347'),
(449, '348', '348', '348'),
(450, '349', '349', '349'),
(451, '350', '350', '350'),
(452, '351', '351', '351'),
(453, '352', '352', '352'),
(454, '353', '353', '353'),
(455, '354', '354', '354'),
(456, '355', '355', '355'),
(457, '356', '356', '356'),
(458, '357', '357', '357'),
(459, '358', '358', '358'),
(460, '359', '359', '359'),
(461, '360', '360', '360'),
(462, '361', '361', '361'),
(463, '362', '362', '362'),
(464, '363', '363', '363'),
(465, '364', '364', '364'),
(466, '365', '365', '365'),
(467, '366', '366', '366'),
(468, '367', '367', '367'),
(469, '368', '368', '368'),
(470, '369', '369', '369'),
(471, '370', '370', '370'),
(472, '371', '371', '371'),
(473, '372', '372', '372'),
(474, '373', '373', '373'),
(475, '374', '374', '374'),
(476, '375', '375', '375'),
(477, '376', '376', '376'),
(478, '377', '377', '377'),
(479, '378', '378', '378'),
(480, '379', '379', '379'),
(481, '380', '380', '380'),
(482, '381', '381', '381'),
(483, '382', '382', '382'),
(484, '383', '383', '383'),
(485, '384', '384', '384'),
(486, '385', '385', '385'),
(487, '386', '386', '386'),
(488, '387', '387', '387'),
(489, '388', '388', '388'),
(490, '389', '389', '389'),
(491, '390', '390', '390'),
(492, '391', '391', '391'),
(493, '392', '392', '392'),
(494, '393', '393', '393'),
(495, '394', '394', '394'),
(496, '395', '395', '395'),
(497, '396', '396', '396'),
(498, '397', '397', '397'),
(499, '398', '398', '398'),
(500, '399', '399', '399'),
(501, '400', '400', '400'),
(502, '401', '401', '401'),
(503, '402', '402', '402'),
(504, '403', '403', '403'),
(505, '404', '404', '404'),
(506, '405', '405', '405'),
(507, '406', '406', '406'),
(508, '407', '407', '407'),
(509, '408', '408', '408'),
(510, '409', '409', '409'),
(511, '410', '410', '410'),
(512, '411', '411', '411'),
(513, '412', '412', '412'),
(514, '413', '413', '413'),
(515, '414', '414', '414'),
(516, '415', '415', '415'),
(517, '416', '416', '416'),
(518, '417', '417', '417'),
(519, '418', '418', '418'),
(520, '419', '419', '419'),
(521, '420', '420', '420'),
(522, '421', '421', '421'),
(523, '422', '422', '422'),
(524, '423', '423', '423'),
(525, '424', '424', '424'),
(526, '425', '425', '425'),
(527, '426', '426', '426'),
(528, '427', '427', '427'),
(529, '428', '428', '428'),
(530, '429', '429', '429'),
(531, '430', '430', '430'),
(532, '431', '431', '431'),
(533, '432', '432', '432'),
(534, '433', '433', '433'),
(535, '434', '434', '434'),
(536, '435', '435', '435'),
(537, '436', '436', '436'),
(538, '437', '437', '437'),
(539, '438', '438', '438'),
(540, '439', '439', '439'),
(541, '440', '440', '440'),
(542, '441', '441', '441'),
(543, '442', '442', '442'),
(544, '443', '443', '443'),
(545, '444', '444', '444'),
(546, '445', '445', '445'),
(547, '446', '446', '446'),
(548, '447', '447', '447'),
(549, '448', '448', '448'),
(550, '449', '449', '449'),
(551, '450', '450', '450'),
(552, '451', '451', '451'),
(553, '452', '452', '452'),
(554, '453', '453', '453'),
(555, '454', '454', '454'),
(556, '455', '455', '455'),
(557, '456', '456', '456'),
(558, '457', '457', '457'),
(559, '458', '458', '458'),
(560, '459', '459', '459'),
(561, '460', '460', '460'),
(562, '461', '461', '461'),
(563, '462', '462', '462'),
(564, '463', '463', '463'),
(565, '464', '464', '464'),
(566, '465', '465', '465'),
(567, '466', '466', '466'),
(568, '467', '467', '467'),
(569, '468', '468', '468'),
(570, '469', '469', '469'),
(571, '470', '470', '470'),
(572, '471', '471', '471'),
(573, '472', '472', '472'),
(574, '473', '473', '473'),
(575, '474', '474', '474'),
(576, '475', '475', '475'),
(577, '476', '476', '476'),
(578, '477', '477', '477'),
(579, '478', '478', '478'),
(580, '479', '479', '479'),
(581, '480', '480', '480'),
(582, '481', '481', '481'),
(583, '482', '482', '482'),
(584, '483', '483', '483'),
(585, '484', '484', '484'),
(586, '485', '485', '485'),
(587, '486', '486', '486'),
(588, '487', '487', '487'),
(589, '488', '488', '488'),
(590, '489', '489', '489'),
(591, '490', '490', '490'),
(592, '491', '491', '491'),
(593, '492', '492', '492'),
(594, '493', '493', '493'),
(595, '494', '494', '494'),
(596, '495', '495', '495'),
(597, '496', '496', '496'),
(598, '497', '497', '497'),
(599, '498', '498', '498'),
(600, '499', '499', '499'),
(601, '500', '500', '500'),
(602, '501', '501', '501'),
(603, '502', '502', '502'),
(604, '503', '503', '503'),
(605, '504', '504', '504'),
(606, '505', '505', '505'),
(607, '506', '506', '506'),
(608, '507', '507', '507'),
(609, '508', '508', '508'),
(610, '509', '509', '509'),
(611, '510', '510', '510'),
(612, '511', '511', '511'),
(613, '512', '512', '512'),
(614, '513', '513', '513'),
(615, '514', '514', '514'),
(616, '515', '515', '515'),
(617, '516', '516', '516'),
(618, '517', '517', '517'),
(619, '518', '518', '518'),
(620, '519', '519', '519'),
(621, '520', '520', '520'),
(622, '521', '521', '521'),
(623, '522', '522', '522'),
(624, '523', '523', '523'),
(625, '524', '524', '524'),
(626, '525', '525', '525'),
(627, '526', '526', '526'),
(628, '527', '527', '527'),
(629, '528', '528', '528'),
(630, '529', '529', '529'),
(631, '530', '530', '530'),
(632, '531', '531', '531'),
(633, '532', '532', '532'),
(634, '533', '533', '533'),
(635, '534', '534', '534'),
(636, '535', '535', '535'),
(637, '536', '536', '536'),
(638, '537', '537', '537'),
(639, '538', '538', '538'),
(640, '539', '539', '539'),
(641, '540', '540', '540'),
(642, '541', '541', '541'),
(643, '542', '542', '542'),
(644, '543', '543', '543'),
(645, '544', '544', '544'),
(646, '545', '545', '545'),
(647, '546', '546', '546'),
(648, '547', '547', '547'),
(649, '548', '548', '548'),
(650, '549', '549', '549'),
(651, '550', '550', '550'),
(652, '551', '551', '551'),
(653, '552', '552', '552'),
(654, '553', '553', '553'),
(655, '554', '554', '554'),
(656, '555', '555', '555'),
(657, '556', '556', '556'),
(658, '557', '557', '557'),
(659, '558', '558', '558'),
(660, '559', '559', '559'),
(661, '560', '560', '560'),
(662, '561', '561', '561'),
(663, '562', '562', '562'),
(664, '563', '563', '563'),
(665, '564', '564', '564'),
(666, '565', '565', '565'),
(667, '566', '566', '566'),
(668, '567', '567', '567'),
(669, '568', '568', '568'),
(670, '569', '569', '569'),
(671, '570', '570', '570'),
(672, '571', '571', '571'),
(673, '572', '572', '572'),
(674, '573', '573', '573'),
(675, '574', '574', '574'),
(676, '575', '575', '575'),
(677, '576', '576', '576'),
(678, '577', '577', '577'),
(679, '578', '578', '578'),
(680, '579', '579', '579'),
(681, '580', '580', '580'),
(682, '581', '581', '581'),
(683, '582', '582', '582'),
(684, '583', '583', '583'),
(685, '584', '584', '584'),
(686, '585', '585', '585'),
(687, '586', '586', '586'),
(688, '587', '587', '587'),
(689, '588', '588', '588'),
(690, '589', '589', '589'),
(691, '590', '590', '590'),
(692, '591', '591', '591'),
(693, '592', '592', '592'),
(694, '593', '593', '593'),
(695, '594', '594', '594'),
(696, '595', '595', '595'),
(697, '596', '596', '596'),
(698, '597', '597', '597'),
(699, '598', '598', '598'),
(700, '599', '599', '599'),
(701, '600', '600', '600'),
(702, '601', '601', '601'),
(703, '602', '602', '602'),
(704, '603', '603', '603'),
(705, '604', '604', '604'),
(706, '605', '605', '605'),
(707, '606', '606', '606'),
(708, '607', '607', '607'),
(709, '608', '608', '608'),
(710, '609', '609', '609'),
(711, '610', '610', '610'),
(712, '611', '611', '611'),
(713, '612', '612', '612'),
(714, '613', '613', '613'),
(715, '614', '614', '614'),
(716, '615', '615', '615'),
(717, '616', '616', '616'),
(718, '617', '617', '617'),
(719, '618', '618', '618'),
(720, '619', '619', '619'),
(721, '620', '620', '620'),
(722, '621', '621', '621'),
(723, '622', '622', '622'),
(724, '623', '623', '623'),
(725, '624', '624', '624'),
(726, '625', '625', '625'),
(727, '626', '626', '626'),
(728, '627', '627', '627'),
(729, '628', '628', '628'),
(730, '629', '629', '629'),
(731, '630', '630', '630'),
(732, '631', '631', '631'),
(733, '632', '632', '632'),
(734, '633', '633', '633'),
(735, '634', '634', '634'),
(736, '635', '635', '635'),
(737, '636', '636', '636'),
(738, '637', '637', '637'),
(739, '638', '638', '638'),
(740, '639', '639', '639'),
(741, '640', '640', '640'),
(742, '641', '641', '641'),
(743, '642', '642', '642'),
(744, '643', '643', '643'),
(745, '644', '644', '644'),
(746, '645', '645', '645'),
(747, '646', '646', '646'),
(748, '647', '647', '647'),
(749, '648', '648', '648'),
(750, '649', '649', '649'),
(751, '650', '650', '650'),
(752, '651', '651', '651'),
(753, '652', '652', '652'),
(754, '653', '653', '653'),
(755, '654', '654', '654'),
(756, '655', '655', '655'),
(757, '656', '656', '656'),
(758, '657', '657', '657'),
(759, '658', '658', '658'),
(760, '659', '659', '659'),
(761, '660', '660', '660'),
(762, '661', '661', '661'),
(763, '662', '662', '662'),
(764, '663', '663', '663'),
(765, '664', '664', '664'),
(766, '665', '665', '665'),
(767, '666', '666', '666'),
(768, '667', '667', '667'),
(769, '668', '668', '668'),
(770, '669', '669', '669'),
(771, '670', '670', '670'),
(772, '671', '671', '671'),
(773, '672', '672', '672'),
(774, '673', '673', '673'),
(775, '674', '674', '674'),
(776, '675', '675', '675'),
(777, '676', '676', '676'),
(778, '677', '677', '677'),
(779, '678', '678', '678'),
(780, '679', '679', '679'),
(781, '680', '680', '680'),
(782, '681', '681', '681'),
(783, '682', '682', '682'),
(784, '683', '683', '683'),
(785, '684', '684', '684'),
(786, '685', '685', '685'),
(787, '686', '686', '686'),
(788, '687', '687', '687'),
(789, '688', '688', '688'),
(790, '689', '689', '689'),
(791, '690', '690', '690'),
(792, '691', '691', '691'),
(793, '692', '692', '692'),
(794, '693', '693', '693'),
(795, '694', '694', '694'),
(796, '695', '695', '695'),
(797, '696', '696', '696'),
(798, '697', '697', '697'),
(799, '698', '698', '698'),
(800, '699', '699', '699'),
(801, '700', '700', '700'),
(802, '701', '701', '701'),
(803, '702', '702', '702'),
(804, '703', '703', '703'),
(805, '704', '704', '704'),
(806, '705', '705', '705'),
(807, '706', '706', '706'),
(808, '707', '707', '707'),
(809, '708', '708', '708'),
(810, '709', '709', '709'),
(811, '710', '710', '710'),
(812, '711', '711', '711'),
(813, '712', '712', '712'),
(814, '713', '713', '713'),
(815, '714', '714', '714'),
(816, '715', '715', '715'),
(817, '716', '716', '716'),
(818, '717', '717', '717'),
(819, '718', '718', '718'),
(820, '719', '719', '719'),
(821, '720', '720', '720'),
(822, '721', '721', '721'),
(823, '722', '722', '722'),
(824, '723', '723', '723'),
(825, '724', '724', '724'),
(826, '725', '725', '725'),
(827, '726', '726', '726'),
(828, '727', '727', '727'),
(829, '728', '728', '728'),
(830, '729', '729', '729'),
(831, '730', '730', '730'),
(832, '731', '731', '731'),
(833, '732', '732', '732'),
(834, '733', '733', '733'),
(835, '734', '734', '734'),
(836, '735', '735', '735'),
(837, '736', '736', '736'),
(838, '737', '737', '737'),
(839, '738', '738', '738'),
(840, '739', '739', '739'),
(841, '740', '740', '740'),
(842, '741', '741', '741'),
(843, '742', '742', '742'),
(844, '743', '743', '743'),
(845, '744', '744', '744'),
(846, '745', '745', '745'),
(847, '746', '746', '746'),
(848, '747', '747', '747'),
(849, '748', '748', '748'),
(850, '749', '749', '749'),
(851, '750', '750', '750'),
(852, '751', '751', '751'),
(853, '752', '752', '752'),
(854, '753', '753', '753'),
(855, '754', '754', '754'),
(856, '755', '755', '755'),
(857, '756', '756', '756'),
(858, '757', '757', '757'),
(859, '758', '758', '758'),
(860, '759', '759', '759'),
(861, '760', '760', '760'),
(862, '761', '761', '761'),
(863, '762', '762', '762'),
(864, '763', '763', '763'),
(865, '764', '764', '764'),
(866, '765', '765', '765'),
(867, '766', '766', '766'),
(868, '767', '767', '767'),
(869, '768', '768', '768'),
(870, '769', '769', '769'),
(871, '770', '770', '770'),
(872, '771', '771', '771'),
(873, '772', '772', '772'),
(874, '773', '773', '773'),
(875, '774', '774', '774'),
(876, '775', '775', '775'),
(877, '776', '776', '776'),
(878, '777', '777', '777'),
(879, '778', '778', '778'),
(880, '779', '779', '779'),
(881, '780', '780', '780'),
(882, '781', '781', '781'),
(883, '782', '782', '782'),
(884, '783', '783', '783'),
(885, '784', '784', '784'),
(886, '785', '785', '785'),
(887, '786', '786', '786'),
(888, '787', '787', '787'),
(889, '788', '788', '788'),
(890, '789', '789', '789'),
(891, '790', '790', '790'),
(892, '791', '791', '791'),
(893, '792', '792', '792'),
(894, '793', '793', '793'),
(895, '794', '794', '794'),
(896, '795', '795', '795'),
(897, '796', '796', '796'),
(898, '797', '797', '797'),
(899, '798', '798', '798'),
(900, '799', '799', '799'),
(901, '800', '800', '800'),
(902, '801', '801', '801'),
(903, '802', '802', '802'),
(904, '803', '803', '803'),
(905, '804', '804', '804'),
(906, '805', '805', '805'),
(907, '806', '806', '806'),
(908, '807', '807', '807'),
(909, '808', '808', '808'),
(910, '809', '809', '809'),
(911, '810', '810', '810'),
(912, '811', '811', '811'),
(913, '812', '812', '812'),
(914, '813', '813', '813'),
(915, '814', '814', '814'),
(916, '815', '815', '815'),
(917, '816', '816', '816'),
(918, '817', '817', '817'),
(919, '818', '818', '818'),
(920, '819', '819', '819'),
(921, '820', '820', '820'),
(922, '821', '821', '821'),
(923, '822', '822', '822'),
(924, '823', '823', '823'),
(925, '824', '824', '824'),
(926, '825', '825', '825'),
(927, '826', '826', '826'),
(928, '827', '827', '827'),
(929, '828', '828', '828'),
(930, '829', '829', '829'),
(931, '830', '830', '830'),
(932, '831', '831', '831'),
(933, '832', '832', '832'),
(934, '833', '833', '833'),
(935, '834', '834', '834'),
(936, '835', '835', '835'),
(937, '836', '836', '836'),
(938, '837', '837', '837'),
(939, '838', '838', '838'),
(940, '839', '839', '839'),
(941, '840', '840', '840'),
(942, '841', '841', '841'),
(943, '842', '842', '842'),
(944, '843', '843', '843'),
(945, '844', '844', '844'),
(946, '845', '845', '845'),
(947, '846', '846', '846'),
(948, '847', '847', '847'),
(949, '848', '848', '848'),
(950, '849', '849', '849'),
(951, '850', '850', '850'),
(952, '851', '851', '851'),
(953, '852', '852', '852'),
(954, '853', '853', '853'),
(955, '854', '854', '854'),
(956, '855', '855', '855'),
(957, '856', '856', '856'),
(958, '857', '857', '857'),
(959, '858', '858', '858'),
(960, '859', '859', '859'),
(961, '860', '860', '860'),
(962, '861', '861', '861'),
(963, '862', '862', '862'),
(964, '863', '863', '863'),
(965, '864', '864', '864'),
(966, '865', '865', '865'),
(967, '866', '866', '866'),
(968, '867', '867', '867'),
(969, '868', '868', '868'),
(970, '869', '869', '869'),
(971, '870', '870', '870'),
(972, '871', '871', '871'),
(973, '872', '872', '872'),
(974, '873', '873', '873'),
(975, '874', '874', '874'),
(976, '875', '875', '875'),
(977, '876', '876', '876'),
(978, '877', '877', '877'),
(979, '878', '878', '878'),
(980, '879', '879', '879'),
(981, '880', '880', '880'),
(982, '881', '881', '881'),
(983, '882', '882', '882'),
(984, '883', '883', '883'),
(985, '884', '884', '884'),
(986, '885', '885', '885'),
(987, '886', '886', '886'),
(988, '887', '887', '887'),
(989, '888', '888', '888'),
(990, '889', '889', '889'),
(991, '890', '890', '890'),
(992, '891', '891', '891'),
(993, '892', '892', '892'),
(994, '893', '893', '893'),
(995, '894', '894', '894'),
(996, '895', '895', '895'),
(997, '896', '896', '896'),
(998, '897', '897', '897'),
(999, '898', '898', '898'),
(1000, '899', '899', '899'),
(1001, '900', '900', '900'),
(1002, '901', '901', '901'),
(1003, '902', '902', '902'),
(1004, '903', '903', '903'),
(1005, '904', '904', '904'),
(1006, '905', '905', '905'),
(1007, '906', '906', '906'),
(1008, '907', '907', '907'),
(1009, '908', '908', '908'),
(1010, '909', '909', '909'),
(1011, '910', '910', '910'),
(1012, '911', '911', '911'),
(1013, '912', '912', '912'),
(1014, '913', '913', '913'),
(1015, '914', '914', '914'),
(1016, '915', '915', '915'),
(1017, '916', '916', '916'),
(1018, '917', '917', '917'),
(1019, '918', '918', '918'),
(1020, '919', '919', '919'),
(1021, '920', '920', '920'),
(1022, '921', '921', '921'),
(1023, '922', '922', '922'),
(1024, '923', '923', '923'),
(1025, '924', '924', '924'),
(1026, '925', '925', '925'),
(1027, '926', '926', '926'),
(1028, '927', '927', '927'),
(1029, '928', '928', '928'),
(1030, '929', '929', '929'),
(1031, '930', '930', '930'),
(1032, '931', '931', '931'),
(1033, '932', '932', '932'),
(1034, '933', '933', '933'),
(1035, '934', '934', '934'),
(1036, '935', '935', '935'),
(1037, '936', '936', '936'),
(1038, '937', '937', '937'),
(1039, '938', '938', '938'),
(1040, '939', '939', '939'),
(1041, '940', '940', '940'),
(1042, '941', '941', '941'),
(1043, '942', '942', '942'),
(1044, '943', '943', '943'),
(1045, '944', '944', '944'),
(1046, '945', '945', '945'),
(1047, '946', '946', '946'),
(1048, '947', '947', '947'),
(1049, '948', '948', '948'),
(1050, '949', '949', '949'),
(1051, '950', '950', '950'),
(1052, '951', '951', '951'),
(1053, '952', '952', '952'),
(1054, '953', '953', '953'),
(1055, '954', '954', '954'),
(1056, '955', '955', '955'),
(1057, '956', '956', '956'),
(1058, '957', '957', '957'),
(1059, '958', '958', '958'),
(1060, '959', '959', '959'),
(1061, '960', '960', '960'),
(1062, '961', '961', '961'),
(1063, '962', '962', '962'),
(1064, '963', '963', '963'),
(1065, '964', '964', '964'),
(1066, '965', '965', '965'),
(1067, '966', '966', '966'),
(1068, '967', '967', '967'),
(1069, '968', '968', '968'),
(1070, '969', '969', '969'),
(1071, '970', '970', '970'),
(1072, '971', '971', '971'),
(1073, '972', '972', '972'),
(1074, '973', '973', '973'),
(1075, '974', '974', '974'),
(1076, '975', '975', '975'),
(1077, '976', '976', '976'),
(1078, '977', '977', '977'),
(1079, '978', '978', '978'),
(1080, '979', '979', '979'),
(1081, '980', '980', '980'),
(1082, '981', '981', '981'),
(1083, '982', '982', '982'),
(1084, '983', '983', '983'),
(1085, '984', '984', '984'),
(1086, '985', '985', '985'),
(1087, '986', '986', '986'),
(1088, '987', '987', '987'),
(1089, '988', '988', '988'),
(1090, '989', '989', '989'),
(1091, '990', '990', '990'),
(1092, '991', '991', '991'),
(1093, '992', '992', '992'),
(1094, '993', '993', '993'),
(1095, '994', '994', '994'),
(1096, '995', '995', '995'),
(1097, '996', '996', '996'),
(1098, '997', '997', '997'),
(1099, '998', '998', '998'),
(1100, '999', '999', '999');

--
-- Indexes for dumped tables
--

--
-- Indexes for table `test`
--
ALTER TABLE `test`
  ADD PRIMARY KEY (`ID`);

--
-- Indexes for table `testing`
--
ALTER TABLE `testing`
  ADD PRIMARY KEY (`test_id`);

--
-- AUTO_INCREMENT for dumped tables
--

--
-- AUTO_INCREMENT for table `test`
--
ALTER TABLE `test`
  MODIFY `ID` int(11) NOT NULL AUTO_INCREMENT, AUTO_INCREMENT=6;
--
-- AUTO_INCREMENT for table `testing`
--
ALTER TABLE `testing`
  MODIFY `test_id` int(200) NOT NULL AUTO_INCREMENT, AUTO_INCREMENT=1101;
/*!40101 SET CHARACTER_SET_CLIENT=@OLD_CHARACTER_SET_CLIENT */;
/*!40101 SET CHARACTER_SET_RESULTS=@OLD_CHARACTER_SET_RESULTS */;
/*!40101 SET COLLATION_CONNECTION=@OLD_COLLATION_CONNECTION */;
